timestamp,challenge,suggestions,user,feedback
2024-10-09T20:16:02.023817,hi,"Encourage the client to explore their specific concerns about starting the new job, and help them identify any underlying beliefs or thought patterns that may be contributing to their anxiety.|Work with the client to develop a list of coping strategies that they can use when feeling anxious, such as deep breathing exercises, mindfulness techniques, or grounding exercises.|Assist the client in setting realistic expectations for themselves as they transition into the new role, emphasizing the importance of self-compassion and understanding that it takes time to adjust to new environments.|Suggest that the client create a plan for their first few days or weeks at the job, including identifying and practicing any necessary skills or tasks, to help them feel more prepared and confident.|Encourage the client to build a support system outside of work, whether it's friends, family, or a counselor they can talk to about their experiences and feelings as they adjust to their new job.",,
2024-10-09T20:19:44.894539,my patient is 35 years old men with a depression issue. what would be the best treatment that I can provide?,"Consider Cognitive Behavioral Therapy (CBT) as it is an effective approach for treating depression by helping the patient identify and change negative thought patterns.|Explore the use of mindfulness-based techniques to help the patient manage stress and improve their overall emotional regulation.|Discuss the possibility of pharmacotherapy with the patient, such as antidepressant medication, in consultation with a psychiatrist or primary care doctor, especially if the depression is severe.|Encourage the patient to establish a routine that includes regular physical exercise, which has been shown to improve mood and overall mental health.|Foster a supportive therapeutic relationship by providing a safe space for the patient to express their feelings, which can assist in building trust and facilitating the therapeutic process.",,
2024-10-09T20:24:16.862606,test,Error generating suggestions: 'suggestions',,
2024-10-09T21:44:04.850530,test2,Error generating suggestions: 'suggestions',admin,1.0
2024-10-10T21:05:16.802173,how many rows in the data set that I uploaded?,Error generating suggestions: 'suggestions',admin,3.0
2024-10-10T23:09:47.539154,Are there any cognitive biases I might be exhibiting in my interpretation of this patient’s behavior or statements?,"Reflect on your assumptions about the patient and question whether these could be influenced by cognitive biases such as confirmation bias, where you might notice only the behaviors or statements that fit your preconceived notions.|Consider whether anchoring bias may be impacting your interpretation—are you relying too heavily on initial information or impressions of the patient?|Assess if there might be any availability bias in your judgment. Are recent or dramatic events disproportionately affecting your interpretation of the patient's behavior?|Evaluate if you might be exhibiting attribution bias by overemphasizing dispositional factors (e.g., personality traits) while underestimating situational influences affecting the patient's behavior.|Engage in regular supervision or peer consultation to gain an external perspective, which can help in identifying and mitigating any potential cognitive biases in your clinical work.",admin,4.0
2024-10-10T23:50:20.340877,Which of my patients might need more frequent sessions or immediate follow-up based on their recent progress or behavior?,"Conduct a thorough review of recent session notes and assessments to identify any patients who have reported worsening symptoms or have expressed distressing thoughts, as these individuals might benefit from more frequent sessions or immediate follow-up.|Pay attention to any patients who have shown a sudden shift in behavior or mood, such as increased isolation, irritability, or risky behaviors, as these changes may indicate a need for more intensive support.|Consider patients who have recently experienced significant life changes or stressors, such as a job loss or relationship issues, who might require additional support to navigate these challenges.|Engage in consultations or case discussions with colleagues to gain different perspectives on which patients might need more frequent contact, ensuring that decisions are well-rounded and unbiased.|Monitor any patients who frequently miss appointments or cancel sessions, as this could be a signal of underlying issues that require more immediate attention or an alternative approach to treatment.",admin,5.0
2024-10-11T17:02:42.461682,what are your suggestions to the depression treatments to a 35 yearsold male with 12 Duration of symptoms and serverity is mild?,"Consider integrating cognitive behavioral therapy (CBT) techniques, known to be effective for mild depression, focusing on helping the patient identify and challenge negative thought patterns and behaviors.|Encourage the patient to engage in regular physical activity, such as walking or yoga, which can help improve mood and reduce symptoms of depression.|Explore the possibility of interpersonal therapy to help the patient improve their relationships and communication skills, which can contribute to an overall improvement in mood and well-being.|Incorporate mindfulness practices or meditation into the treatment plan to help the patient better manage stress and enhance emotional regulation.|Perform a regular assessment to monitor the patient’s progress, adjusting the treatment plan if symptoms do not improve or change in intensity.",admin,
2024-10-11T20:55:46.240852,"Chronic sleep issues are exacerbating the patient's mental health, making it harder to manage both anxiety and depression. Poor sleep is affecting their cognitive functioning and emotional regulation, creating a cyclical challenge.","Implement sleep hygiene education within therapy sessions to help the patient develop better sleep habits. This could include establishing a regular sleep schedule, creating a restful sleep environment, and reducing caffeine and electronic use before bedtime.|Introduce relaxation techniques such as progressive muscle relaxation, guided imagery, or deep breathing exercises. These methods can help reduce anxiety levels before sleep, thereby improving sleep quality and duration.|Integrate Cognitive Behavioral Therapy for Insomnia (CBT-I) into the treatment plan, focusing on identifying and modifying beliefs and attitudes about sleep. CBT-I is an evidence-based approach that can effectively address chronic insomnia and improve mental health.|Encourage the exploration of mindfulness-based practices or meditation, which can help improve emotional regulation and reduce anxiety and depression symptoms. This may also enhance the patient’s ability to relax before sleep.|Schedule a regular assessment of sleep patterns and mental health symptoms. This ongoing evaluation can help in adjusting the therapeutic approaches and addressing any evolving challenges in managing anxiety, depression, and sleep issues.",admin,
2024-10-11T22:17:52.612266,my patients have chronic sleep issues. what can i do?,"Implement a multi-disciplinary approach by collaborating with other healthcare professionals, such as medical doctors and sleep specialists, to ensure comprehensive care for the sleep issues and any related health conditions. This may help in addressing potential underlying physical health factors contributing to the patient's sleep disturbances.|Explore alternative therapeutic interventions such as Acceptance and Commitment Therapy (ACT) or Dialectical Behavior Therapy (DBT), which may help in managing the emotional dysregulation and cognitive impairments caused by sleep issues. These therapies can provide patients with skills to better handle their anxiety and depression, potentially leading to improvements in sleep quality.|Introduce structured lifestyle interventions, such as regular physical exercise and dietary adjustments, which have been shown to positively influence sleep patterns. Encourage patients to adopt a balanced diet and engage in aerobic exercises or yoga, which can enhance mood and improve sleep.|Facilitate the exploration of patient's personal beliefs and attitudes about sleep as part of cognitive therapy sessions. Understanding and reshaping these perceptions can address anxiety around sleep, thereby reducing insomnia symptoms and improving overall mental health.|Encourage patients to maintain a sleep diary to monitor patterns, triggers, and progress. This tool can be helpful for both the patient and therapist to identify problem areas and track improvements over time, allowing for adjustments in therapy as needed.",admin,4
